Station,StationAccessRow,StationRowName,Name,NameRow,Area,AreaRowName,Hole,HoleRowName,Tag,TagRowName,NOS,NOSRowName,LSM Address,AddRowName,LSM Offset,OffsetRowName,Wire Path,WPRowName
1-1-1,Row 1,Station row 1,"~!@#$%^&*()_+<>?:""|",Name row 1,G,Area row 1,1,Hole row 1,1,Tag row 1,-1,Number of Sprinklers row,1D84A1,LSMAddress row 1,2,LSMOffset row 1,5-451,Wire Path row 1
1-1-2,Row 2,Station row 2,"`1234567890-=[];',./",Name row 2,G,Area row 2,1,Hole row 2,1,Tag row 2,251,Number of Sprinklers row,1D8498,LSMAddress row 2,-1,LSMOffset row 2,1-001,Wire Path row 2
1-1-3,Row 3,Station row 3,Sta 3,Name row 3,G,Area row 3,1,Hole row 3,1,Tag row 3,1,Number of Sprinklers row,1D8492,LSMAddress row 3,1,LSMOffset row 3,1-001,Wire Path row 3
1-1-4,Row 4,Station row 4,Sta 4,Name row 4,G,Area row 4,1,Hole row 4,1,Tag row 4,1,Number of Sprinklers row,1D849F,LSMAddress row 4,1,LSMOffset row 4,1-001,Wire Path row 4
1-1-5,Row 5,Station row 5,Sta 5,Name row 5,G,Area row 5,1,Hole row 5,1,Tag row 5,1,Number of Sprinklers row,1000EF,LSMAddress row 5,1,LSMOffset row 5,1-001,Wire Path row 5
1-1-6,Row 6,Station row 6,Sta 6,Name row 6,G,Area row 6,1,Hole row 6,1,Tag row 6,1,Number of Sprinklers row,100144,LSMAddress row 6,1,LSMOffset row 6,1-001,Wire Path row 6
1-1-7,Row 7,Station row 7,Sta 7,Name row 7,G,Area row 7,1,Hole row 7,1,Tag row 7,1,Number of Sprinklers row,1000C6,LSMAddress row 7,1,LSMOffset row 7,1-001,Wire Path row 7
1-1-8,Row 8,Station row 8,Sta 8,Name row 8,G,Area row 8,1,Hole row 8,1,Tag row 8,1,Number of Sprinklers row,10013E,LSMAddress row 8,1,LSMOffset row 8,1-001,Wire Path row 8
1-1-9,Row 9,Station row 9,Sta 9,Name row 9,G,Area row 9,1,Hole row 9,1,Tag row 9,1,Number of Sprinklers row,10015B,LSMAddress row 9,1,LSMOffset row 9,1-001,Wire Path row 9
1-1-10,Row 10,Station row 10,Sta 10,Name row 10,G,Area row 10,1,Hole row 10,1,Tag row 10,1,Number of Sprinklers row,1000C9,LSMAddress row 10,1,LSMOffset row 10,1-001,Wire Path row 10
1-1-11,Row 11,Station row 11,Sta 11,Name row 11,G,Area row 11,1,Hole row 11,1,Tag row 11,1,Number of Sprinklers row,100192,LSMAddress row 11,1,LSMOffset row 11,1-001,Wire Path row 11
1-1-12,Row 12,Station row 12,Sta 12,Name row 12,G,Area row 12,1,Hole row 12,1,Tag row 12,1,Number of Sprinklers row,1000B0,LSMAddress row 12,1,LSMOffset row 12,1-001,Wire Path row 12
1-1-13,Row 13,Station row 13,Sta 13,Name row 13,G,Area row 13,1,Hole row 13,1,Tag row 13,1,Number of Sprinklers row,100299,LSMAddress row 13,1,LSMOffset row 13,1-001,Wire Path row 13
1-1-14,Row 14,Station row 14,Sta 14,Name row 14,G,Area row 14,1,Hole row 14,1,Tag row 14,1,Number of Sprinklers row,10029D,LSMAddress row 14,1,LSMOffset row 14,1-001,Wire Path row 14
1-1-15,Row 15,Station row 15,Sta 15,Name row 15,G,Area row 15,1,Hole row 15,1,Tag row 15,1,Number of Sprinklers row,100241,LSMAddress row 15,1,LSMOffset row 15,1-001,Wire Path row 15
1-1-16,Row 16,Station row 16,Sta 16,Name row 16,G,Area row 16,1,Hole row 16,1,Tag row 16,1,Number of Sprinklers row,1000E0,LSMAddress row 16,1,LSMOffset row 16,1-001,Wire Path row 16
1-1-17,Row 17,Station row 17,Sta 17,Name row 17,G,Area row 17,1,Hole row 17,1,Tag row 17,1,Number of Sprinklers row,10021B,LSMAddress row 17,1,LSMOffset row 17,1-001,Wire Path row 17
1-1-18,Row 18,Station row 18,Sta 18,Name row 18,G,Area row 18,1,Hole row 18,1,Tag row 18,1,Number of Sprinklers row,100220,LSMAddress row 18,1,LSMOffset row 18,1-001,Wire Path row 18
1-1-19,Row 19,Station row 19,Sta 19,Name row 19,G,Area row 19,1,Hole row 19,1,Tag row 19,1,Number of Sprinklers row,100218,LSMAddress row 19,1,LSMOffset row 19,1-001,Wire Path row 19
1-1-20,Row 20,Station row 20,Sta 20,Name row 20,G,Area row 20,1,Hole row 20,1,Tag row 20,1,Number of Sprinklers row,1001CA,LSMAddress row 20,1,LSMOffset row 20,1-001,Wire Path row 20
1-1-21,Row 21,Station row 21,Sta 21,Name row 21,G,Area row 21,1,Hole row 21,1,Tag row 21,1,Number of Sprinklers row,1001B5,LSMAddress row 21,1,LSMOffset row 21,1-001,Wire Path row 21
1-1-22,Row 22,Station row 22,Sta 22,Name row 22,G,Area row 22,1,Hole row 22,1,Tag row 22,1,Number of Sprinklers row,10021A,LSMAddress row 22,1,LSMOffset row 22,1-001,Wire Path row 22
1-1-23,Row 23,Station row 23,Sta 23,Name row 23,G,Area row 23,1,Hole row 23,1,Tag row 23,1,Number of Sprinklers row,1001BD,LSMAddress row 23,1,LSMOffset row 23,1-001,Wire Path row 23
1-1-24,Row 24,Station row 24,Sta 24,Name row 24,G,Area row 24,1,Hole row 24,1,Tag row 24,1,Number of Sprinklers row,1001D6,LSMAddress row 24,1,LSMOffset row 24,1-001,Wire Path row 24
1-1-25,Row 25,Station row 25,Sta 25,Name row 25,G,Area row 25,1,Hole row 25,1,Tag row 25,1,Number of Sprinklers row,100264,LSMAddress row 25,1,LSMOffset row 25,1-001,Wire Path row 25
1-1-26,Row 26,Station row 26,Sta 26,Name row 26,G,Area row 26,1,Hole row 26,1,Tag row 26,1,Number of Sprinklers row,100201,LSMAddress row 26,1,LSMOffset row 26,1-001,Wire Path row 26
1-1-27,Row 27,Station row 27,Sta 27,Name row 27,G,Area row 27,1,Hole row 27,1,Tag row 27,1,Number of Sprinklers row,10026B,LSMAddress row 27,1,LSMOffset row 27,1-001,Wire Path row 27
1-1-28,Row 28,Station row 28,Sta 28,Name row 28,G,Area row 28,1,Hole row 28,1,Tag row 28,1,Number of Sprinklers row,10006B,LSMAddress row 28,1,LSMOffset row 28,1-001,Wire Path row 28
1-1-29,Row 29,Station row 29,Sta 29,Name row 29,G,Area row 29,1,Hole row 29,1,Tag row 29,1,Number of Sprinklers row,100273,LSMAddress row 29,1,LSMOffset row 29,1-001,Wire Path row 29
1-1-30,Row 30,Station row 30,Sta 30,Name row 30,G,Area row 30,1,Hole row 30,1,Tag row 30,1,Number of Sprinklers row,100234,LSMAddress row 30,1,LSMOffset row 30,1-001,Wire Path row 30
1-1-31,Row 31,Station row 31,Sta 31,Name row 31,G,Area row 31,1,Hole row 31,1,Tag row 31,1,Number of Sprinklers row,100271,LSMAddress row 31,1,LSMOffset row 31,1-001,Wire Path row 31
1-1-32,Row 32,Station row 32,Sta 32,Name row 32,G,Area row 32,1,Hole row 32,1,Tag row 32,1,Number of Sprinklers row,100083,LSMAddress row 32,1,LSMOffset row 32,1-001,Wire Path row 32
1-1-33,Row 33,Station row 33,Sta 33,Name row 33,G,Area row 33,1,Hole row 33,1,Tag row 33,1,Number of Sprinklers row,1001E4,LSMAddress row 33,1,LSMOffset row 33,1-001,Wire Path row 33
1-1-34,Row 34,Station row 34,Sta 34,Name row 34,G,Area row 34,1,Hole row 34,1,Tag row 34,1,Number of Sprinklers row,1001F1,LSMAddress row 34,1,LSMOffset row 34,1-001,Wire Path row 34
1-1-35,Row 35,Station row 35,Sta 35,Name row 35,G,Area row 35,1,Hole row 35,1,Tag row 35,1,Number of Sprinklers row,100018,LSMAddress row 35,1,LSMOffset row 35,1-001,Wire Path row 35
1-1-36,Row 36,Station row 36,Sta 36,Name row 36,G,Area row 36,1,Hole row 36,1,Tag row 36,1,Number of Sprinklers row,1001EE,LSMAddress row 36,1,LSMOffset row 36,1-001,Wire Path row 36
1-1-37,Row 37,Station row 37,Sta 37,Name row 37,G,Area row 37,1,Hole row 37,1,Tag row 37,1,Number of Sprinklers row,10001B,LSMAddress row 37,1,LSMOffset row 37,1-001,Wire Path row 37
1-1-38,Row 38,Station row 38,Sta 38,Name row 38,G,Area row 38,1,Hole row 38,1,Tag row 38,1,Number of Sprinklers row,100019,LSMAddress row 38,1,LSMOffset row 38,1-001,Wire Path row 38
1-1-39,Row 39,Station row 39,Sta 39,Name row 39,G,Area row 39,1,Hole row 39,1,Tag row 39,1,Number of Sprinklers row,100270,LSMAddress row 39,1,LSMOffset row 39,1-001,Wire Path row 39
1-1-40,Row 40,Station row 40,Sta 40,Name row 40,G,Area row 40,1,Hole row 40,1,Tag row 40,1,Number of Sprinklers row,100221,LSMAddress row 40,1,LSMOffset row 40,1-001,Wire Path row 40
1-1-41,Row 41,Station row 41,Sta 41,Name row 41,G,Area row 41,1,Hole row 41,1,Tag row 41,1,Number of Sprinklers row,1001BF,LSMAddress row 41,1,LSMOffset row 41,1-001,Wire Path row 41
1-1-42,Row 42,Station row 42,Sta 42,Name row 42,G,Area row 42,1,Hole row 42,1,Tag row 42,1,Number of Sprinklers row,1001B3,LSMAddress row 42,1,LSMOffset row 42,1-001,Wire Path row 42
1-1-43,Row 43,Station row 43,Sta 43,Name row 43,G,Area row 43,1,Hole row 43,1,Tag row 43,1,Number of Sprinklers row,1001B6,LSMAddress row 43,1,LSMOffset row 43,1-001,Wire Path row 43
1-1-44,Row 44,Station row 44,Sta 44,Name row 44,G,Area row 44,1,Hole row 44,1,Tag row 44,1,Number of Sprinklers row,1001FA,LSMAddress row 44,1,LSMOffset row 44,1-001,Wire Path row 44
1-1-45,Row 45,Station row 45,Sta 45,Name row 45,G,Area row 45,1,Hole row 45,1,Tag row 45,1,Number of Sprinklers row,1001C9,LSMAddress row 45,1,LSMOffset row 45,1-001,Wire Path row 45
1-1-46,Row 46,Station row 46,Sta 46,Name row 46,G,Area row 46,1,Hole row 46,1,Tag row 46,1,Number of Sprinklers row,10021D,LSMAddress row 46,1,LSMOffset row 46,1-001,Wire Path row 46
1-1-47,Row 47,Station row 47,Sta 47,Name row 47,G,Area row 47,1,Hole row 47,1,Tag row 47,1,Number of Sprinklers row,10008B,LSMAddress row 47,1,LSMOffset row 47,1-001,Wire Path row 47
1-1-48,Row 48,Station row 48,Sta 48,Name row 48,G,Area row 48,1,Hole row 48,1,Tag row 48,1,Number of Sprinklers row,1001C5,LSMAddress row 48,1,LSMOffset row 48,1-001,Wire Path row 48
1-1-49,Row 49,Station row 49,Sta 49,Name row 49,G,Area row 49,1,Hole row 49,1,Tag row 49,1,Number of Sprinklers row,100110,LSMAddress row 49,1,LSMOffset row 49,1-001,Wire Path row 49
1-1-50,Row 50,Station row 50,Sta 50,Name row 50,G,Area row 50,1,Hole row 50,1,Tag row 50,1,Number of Sprinklers row,10022D,LSMAddress row 50,1,LSMOffset row 50,1-001,Wire Path row 50
1-1-51,Row 51,Station row 51,Sta 51,Name row 51,T,Area row 51,1,Hole row 51,1,Tag row 51,1,Number of Sprinklers row,1001E7,LSMAddress row 51,1,LSMOffset row 51,1-001,Wire Path row 51
1-1-52,Row 52,Station row 52,Sta 52,Name row 52,T,Area row 52,1,Hole row 52,1,Tag row 52,1,Number of Sprinklers row,1001D2,LSMAddress row 52,1,LSMOffset row 52,1-001,Wire Path row 52
1-1-53,Row 53,Station row 53,Sta 53,Name row 53,T,Area row 53,1,Hole row 53,1,Tag row 53,1,Number of Sprinklers row,10021F,LSMAddress row 53,1,LSMOffset row 53,1-001,Wire Path row 53
1-1-54,Row 54,Station row 54,Sta 54,Name row 54,T,Area row 54,1,Hole row 54,1,Tag row 54,1,Number of Sprinklers row,100107,LSMAddress row 54,1,LSMOffset row 54,1-001,Wire Path row 54
1-1-55,Row 55,Station row 55,Sta 55,Name row 55,T,Area row 55,1,Hole row 55,1,Tag row 55,1,Number of Sprinklers row,10011B,LSMAddress row 55,1,LSMOffset row 55,1-001,Wire Path row 55
1-1-56,Row 56,Station row 56,Sta 56,Name row 56,T,Area row 56,1,Hole row 56,1,Tag row 56,1,Number of Sprinklers row,100115,LSMAddress row 56,1,LSMOffset row 56,1-001,Wire Path row 56
1-1-57,Row 57,Station row 57,Sta 57,Name row 57,T,Area row 57,1,Hole row 57,1,Tag row 57,1,Number of Sprinklers row,1D84A2,LSMAddress row 57,1,LSMOffset row 57,1-001,Wire Path row 57
1-1-58,Row 58,Station row 58,Sta 58,Name row 58,T,Area row 58,1,Hole row 58,1,Tag row 58,1,Number of Sprinklers row,1D846F,LSMAddress row 58,1,LSMOffset row 58,1-001,Wire Path row 58
1-1-59,Row 59,Station row 59,Sta 59,Name row 59,T,Area row 59,1,Hole row 59,1,Tag row 59,1,Number of Sprinklers row,1D849A,LSMAddress row 59,1,LSMOffset row 59,1-001,Wire Path row 59
1-1-60,Row 60,Station row 60,Sta 60,Name row 60,T,Area row 60,1,Hole row 60,1,Tag row 60,1,Number of Sprinklers row,1D848B,LSMAddress row 60,1,LSMOffset row 60,1-001,Wire Path row 60
1-1-61,Row 61,Station row 61,Sta 61,Name row 61,T,Area row 61,1,Hole row 61,1,Tag row 61,1,Number of Sprinklers row,100127,LSMAddress row 61,1,LSMOffset row 61,1-001,Wire Path row 61
1-1-62,Row 62,Station row 62,Sta 62,Name row 62,T,Area row 62,1,Hole row 62,1,Tag row 62,1,Number of Sprinklers row,1000BC,LSMAddress row 62,1,LSMOffset row 62,1-001,Wire Path row 62
1-1-63,Row 63,Station row 63,Sta 63,Name row 63,T,Area row 63,1,Hole row 63,1,Tag row 63,1,Number of Sprinklers row,100001,LSMAddress row 63,1,LSMOffset row 63,1-001,Wire Path row 63
1-1-64,Row 64,Station row 64,Sta 64,Name row 64,T,Area row 64,1,Hole row 64,1,Tag row 64,1,Number of Sprinklers row,100112,LSMAddress row 64,1,LSMOffset row 64,1-001,Wire Path row 64
1-1-65,Row 65,Station row 65,Sta 65,Name row 65,T,Area row 65,1,Hole row 65,1,Tag row 65,1,Number of Sprinklers row,1001F4,LSMAddress row 65,1,LSMOffset row 65,1-001,Wire Path row 65
1-1-66,Row 66,Station row 66,Sta 66,Name row 66,T,Area row 66,1,Hole row 66,1,Tag row 66,1,Number of Sprinklers row,100185,LSMAddress row 66,1,LSMOffset row 66,1-001,Wire Path row 66
1-1-67,Row 67,Station row 67,Sta 67,Name row 67,T,Area row 67,1,Hole row 67,1,Tag row 67,1,Number of Sprinklers row,10018E,LSMAddress row 67,1,LSMOffset row 67,1-001,Wire Path row 67
1-1-68,Row 68,Station row 68,Sta 68,Name row 68,T,Area row 68,1,Hole row 68,1,Tag row 68,1,Number of Sprinklers row,10012E,LSMAddress row 68,1,LSMOffset row 68,1-001,Wire Path row 68
1-1-69,Row 69,Station row 69,Sta 69,Name row 69,T,Area row 69,1,Hole row 69,1,Tag row 69,1,Number of Sprinklers row,100195,LSMAddress row 69,1,LSMOffset row 69,1-001,Wire Path row 69
1-1-70,Row 70,Station row 70,Sta 70,Name row 70,T,Area row 70,1,Hole row 70,1,Tag row 70,1,Number of Sprinklers row,100280,LSMAddress row 70,1,LSMOffset row 70,1-001,Wire Path row 70
1-1-71,Row 71,Station row 71,Sta 71,Name row 71,T,Area row 71,1,Hole row 71,1,Tag row 71,1,Number of Sprinklers row,1000E1,LSMAddress row 71,1,LSMOffset row 71,1-001,Wire Path row 71
1-1-72,Row 72,Station row 72,Sta 72,Name row 72,T,Area row 72,1,Hole row 72,1,Tag row 72,1,Number of Sprinklers row,100065,LSMAddress row 72,1,LSMOffset row 72,1-001,Wire Path row 72
1-1-73,Row 73,Station row 73,Sta 73,Name row 73,T,Area row 73,1,Hole row 73,1,Tag row 73,1,Number of Sprinklers row,1000AF,LSMAddress row 73,1,LSMOffset row 73,1-001,Wire Path row 73
1-1-74,Row 74,Station row 74,Sta 74,Name row 74,T,Area row 74,1,Hole row 74,1,Tag row 74,1,Number of Sprinklers row,100194,LSMAddress row 74,1,LSMOffset row 74,1-001,Wire Path row 74
1-1-75,Row 75,Station row 75,Sta 75,Name row 75,T,Area row 75,1,Hole row 75,1,Tag row 75,1,Number of Sprinklers row,10011A,LSMAddress row 75,1,LSMOffset row 75,1-001,Wire Path row 75
1-1-76,Row 76,Station row 76,Sta 76,Name row 76,T,Area row 76,1,Hole row 76,1,Tag row 76,1,Number of Sprinklers row,100063,LSMAddress row 76,1,LSMOffset row 76,1-001,Wire Path row 76
1-1-77,Row 77,Station row 77,Sta 77,Name row 77,T,Area row 77,1,Hole row 77,1,Tag row 77,1,Number of Sprinklers row,10008F,LSMAddress row 77,1,LSMOffset row 77,1-001,Wire Path row 77
1-1-78,Row 78,Station row 78,Sta 78,Name row 78,T,Area row 78,1,Hole row 78,1,Tag row 78,1,Number of Sprinklers row,10008C,LSMAddress row 78,1,LSMOffset row 78,1-001,Wire Path row 78
1-1-79,Row 79,Station row 79,Sta 79,Name row 79,T,Area row 79,1,Hole row 79,1,Tag row 79,1,Number of Sprinklers row,100069,LSMAddress row 79,1,LSMOffset row 79,1-001,Wire Path row 79
1-1-80,Row 80,Station row 80,Sta 80,Name row 80,T,Area row 80,1,Hole row 80,1,Tag row 80,1,Number of Sprinklers row,100196,LSMAddress row 80,1,LSMOffset row 80,1-001,Wire Path row 80
1-1-81,Row 81,Station row 81,Sta 81,Name row 81,T,Area row 81,1,Hole row 81,1,Tag row 81,1,Number of Sprinklers row,1001FC,LSMAddress row 81,1,LSMOffset row 81,1-001,Wire Path row 81
1-1-82,Row 82,Station row 82,Sta 82,Name row 82,T,Area row 82,1,Hole row 82,1,Tag row 82,1,Number of Sprinklers row,100260,LSMAddress row 82,1,LSMOffset row 82,1-001,Wire Path row 82
1-1-83,Row 83,Station row 83,Sta 83,Name row 83,T,Area row 83,1,Hole row 83,1,Tag row 83,1,Number of Sprinklers row,1D2F68,LSMAddress row 83,1,LSMOffset row 83,1-001,Wire Path row 83
1-1-84,Row 84,Station row 84,Sta 84,Name row 84,T,Area row 84,1,Hole row 84,1,Tag row 84,1,Number of Sprinklers row,100244,LSMAddress row 84,1,LSMOffset row 84,1-001,Wire Path row 84
1-1-85,Row 85,Station row 85,Sta 85,Name row 85,T,Area row 85,1,Hole row 85,1,Tag row 85,1,Number of Sprinklers row,100298,LSMAddress row 85,1,LSMOffset row 85,1-001,Wire Path row 85
1-1-86,Row 86,Station row 86,Sta 86,Name row 86,T,Area row 86,1,Hole row 86,1,Tag row 86,1,Number of Sprinklers row,100246,LSMAddress row 86,1,LSMOffset row 86,1-001,Wire Path row 86
1-1-87,Row 87,Station row 87,Sta 87,Name row 87,T,Area row 87,1,Hole row 87,1,Tag row 87,1,Number of Sprinklers row,100209,LSMAddress row 87,1,LSMOffset row 87,1-001,Wire Path row 87
1-1-88,Row 88,Station row 88,Sta 88,Name row 88,T,Area row 88,1,Hole row 88,1,Tag row 88,1,Number of Sprinklers row,194DC7,LSMAddress row 88,1,LSMOffset row 88,1-001,Wire Path row 88
1-1-89,Row 89,Station row 89,Sta 89,Name row 89,T,Area row 89,1,Hole row 89,1,Tag row 89,1,Number of Sprinklers row,1001A1,LSMAddress row 89,1,LSMOffset row 89,1-001,Wire Path row 89
1-1-90,Row 90,Station row 90,Sta 90,Name row 90,T,Area row 90,1,Hole row 90,1,Tag row 90,1,Number of Sprinklers row,1000A4,LSMAddress row 90,1,LSMOffset row 90,1-001,Wire Path row 90
1-1-91,Row 91,Station row 91,Sta 91,Name row 91,T,Area row 91,1,Hole row 91,1,Tag row 91,1,Number of Sprinklers row,100090,LSMAddress row 91,1,LSMOffset row 91,1-001,Wire Path row 91
1-1-92,Row 92,Station row 92,Sta 92,Name row 92,T,Area row 92,1,Hole row 92,1,Tag row 92,1,Number of Sprinklers row,10001E,LSMAddress row 92,1,LSMOffset row 92,1-001,Wire Path row 92
1-1-93,Row 93,Station row 93,Sta 93,Name row 93,T,Area row 93,1,Hole row 93,1,Tag row 93,1,Number of Sprinklers row,100058,LSMAddress row 93,1,LSMOffset row 93,1-001,Wire Path row 93
1-1-94,Row 94,Station row 94,Sta 94,Name row 94,T,Area row 94,1,Hole row 94,1,Tag row 94,1,Number of Sprinklers row,100104,LSMAddress row 94,1,LSMOffset row 94,1-001,Wire Path row 94
1-1-95,Row 95,Station row 95,Sta 95,Name row 95,T,Area row 95,1,Hole row 95,1,Tag row 95,1,Number of Sprinklers row,1000F3,LSMAddress row 95,1,LSMOffset row 95,1-001,Wire Path row 95
1-1-96,Row 96,Station row 96,Sta 96,Name row 96,T,Area row 96,1,Hole row 96,1,Tag row 96,1,Number of Sprinklers row,1000A2,LSMAddress row 96,1,LSMOffset row 96,1-001,Wire Path row 96
1-1-97,Row 97,Station row 97,Sta 97,Name row 97,T,Area row 97,1,Hole row 97,1,Tag row 97,1,Number of Sprinklers row,100255,LSMAddress row 97,1,LSMOffset row 97,1-001,Wire Path row 97
1-1-98,Row 98,Station row 98,Sta 98,Name row 98,T,Area row 98,1,Hole row 98,1,Tag row 98,1,Number of Sprinklers row,100075,LSMAddress row 98,1,LSMOffset row 98,1-001,Wire Path row 98
1-1-99,Row 99,Station row 99,Sta 99,Name row 99,T,Area row 99,1,Hole row 99,1,Tag row 99,1,Number of Sprinklers row,1001FB,LSMAddress row 99,1,LSMOffset row 99,1-001,Wire Path row 99
1-1-100,Row 100,Station row 100,Sta 100,Name row 100,T,Area row 100,1,Hole row 100,1,Tag row 100,1,Number of Sprinklers row,10029B,LSMAddress row 100,1,LSMOffset row 100,2-002,Wire Path row 100
1-1-101,Row 101,Station row 101,Sta 101,Name row 101,F,Area row 101,1,Hole row 101,1,Tag row 101,1,Number of Sprinklers row,10019A,LSMAddress row 101,1,LSMOffset row 101,2-002,Wire Path row 101
1-1-102,Row 102,Station row 102,Sta 102,Name row 102,F,Area row 102,1,Hole row 102,1,Tag row 102,1,Number of Sprinklers row,100161,LSMAddress row 102,1,LSMOffset row 102,2-002,Wire Path row 102
1-1-103,Row 103,Station row 103,Sta 103,Name row 103,F,Area row 103,1,Hole row 103,1,Tag row 103,1,Number of Sprinklers row,100207,LSMAddress row 103,1,LSMOffset row 103,2-002,Wire Path row 103
1-1-104,Row 104,Station row 104,Sta 104,Name row 104,F,Area row 104,1,Hole row 104,1,Tag row 104,1,Number of Sprinklers row,10022E,LSMAddress row 104,1,LSMOffset row 104,2-002,Wire Path row 104
1-1-105,Row 105,Station row 105,Sta 105,Name row 105,F,Area row 105,1,Hole row 105,1,Tag row 105,1,Number of Sprinklers row,1001E9,LSMAddress row 105,1,LSMOffset row 105,2-002,Wire Path row 105
1-1-106,Row 106,Station row 106,Sta 106,Name row 106,F,Area row 106,1,Hole row 106,1,Tag row 106,1,Number of Sprinklers row,1001D9,LSMAddress row 106,1,LSMOffset row 106,2-002,Wire Path row 106
1-1-107,Row 107,Station row 107,Sta 107,Name row 107,F,Area row 107,1,Hole row 107,1,Tag row 107,1,Number of Sprinklers row,10021E,LSMAddress row 107,1,LSMOffset row 107,2-002,Wire Path row 107
1-1-108,Row 108,Station row 108,Sta 108,Name row 108,F,Area row 108,1,Hole row 108,1,Tag row 108,1,Number of Sprinklers row,1001EF,LSMAddress row 108,1,LSMOffset row 108,2-002,Wire Path row 108
1-1-109,Row 109,Station row 109,Sta 109,Name row 109,F,Area row 109,1,Hole row 109,1,Tag row 109,1,Number of Sprinklers row,100213,LSMAddress row 109,1,LSMOffset row 109,2-002,Wire Path row 109
1-1-110,Row 110,Station row 110,Sta 110,Name row 110,F,Area row 110,1,Hole row 110,1,Tag row 110,1,Number of Sprinklers row,100210,LSMAddress row 110,1,LSMOffset row 110,2-002,Wire Path row 110
1-1-111,Row 111,Station row 111,Sta 111,Name row 111,F,Area row 111,1,Hole row 111,1,Tag row 111,1,Number of Sprinklers row,1001D8,LSMAddress row 111,1,LSMOffset row 111,2-002,Wire Path row 111
1-1-112,Row 112,Station row 112,Sta 112,Name row 112,F,Area row 112,1,Hole row 112,1,Tag row 112,1,Number of Sprinklers row,1001C0,LSMAddress row 112,1,LSMOffset row 112,2-002,Wire Path row 112
1-1-113,Row 113,Station row 113,Sta 113,Name row 113,F,Area row 113,1,Hole row 113,1,Tag row 113,1,Number of Sprinklers row,1D84A3,LSMAddress row 113,1,LSMOffset row 113,2-002,Wire Path row 113
1-1-114,Row 114,Station row 114,Sta 114,Name row 114,F,Area row 114,1,Hole row 114,1,Tag row 114,1,Number of Sprinklers row,1D8481,LSMAddress row 114,1,LSMOffset row 114,2-002,Wire Path row 114
1-1-115,Row 115,Station row 115,Sta 115,Name row 115,F,Area row 115,1,Hole row 115,1,Tag row 115,1,Number of Sprinklers row,1D8497,LSMAddress row 115,1,LSMOffset row 115,2-002,Wire Path row 115
1-1-116,Row 116,Station row 116,Sta 116,Name row 116,F,Area row 116,1,Hole row 116,1,Tag row 116,1,Number of Sprinklers row,1D847F,LSMAddress row 116,1,LSMOffset row 116,2-002,Wire Path row 116
1-1-117,Row 117,Station row 117,Sta 117,Name row 117,F,Area row 117,1,Hole row 117,1,Tag row 117,1,Number of Sprinklers row,1001D4,LSMAddress row 117,1,LSMOffset row 117,2-002,Wire Path row 117
1-1-118,Row 118,Station row 118,Sta 118,Name row 118,F,Area row 118,1,Hole row 118,1,Tag row 118,1,Number of Sprinklers row,1001C4,LSMAddress row 118,1,LSMOffset row 118,2-002,Wire Path row 118
1-1-119,Row 119,Station row 119,Sta 119,Name row 119,F,Area row 119,1,Hole row 119,1,Tag row 119,1,Number of Sprinklers row,100205,LSMAddress row 119,1,LSMOffset row 119,2-002,Wire Path row 119
1-1-120,Row 120,Station row 120,Sta 120,Name row 120,F,Area row 120,1,Hole row 120,1,Tag row 120,1,Number of Sprinklers row,1001DD,LSMAddress row 120,1,LSMOffset row 120,2-002,Wire Path row 120
1-1-121,Row 121,Station row 121,Sta 121,Name row 121,F,Area row 121,1,Hole row 121,1,Tag row 121,1,Number of Sprinklers row,10019E,LSMAddress row 121,1,LSMOffset row 121,2-002,Wire Path row 121
1-1-122,Row 122,Station row 122,Sta 122,Name row 122,F,Area row 122,1,Hole row 122,1,Tag row 122,1,Number of Sprinklers row,1000A0,LSMAddress row 122,1,LSMOffset row 122,2-002,Wire Path row 122
1-1-123,Row 123,Station row 123,Sta 123,Name row 123,F,Area row 123,1,Hole row 123,1,Tag row 123,1,Number of Sprinklers row,100230,LSMAddress row 123,1,LSMOffset row 123,2-002,Wire Path row 123
1-1-124,Row 124,Station row 124,Sta 124,Name row 124,F,Area row 124,1,Hole row 124,1,Tag row 124,1,Number of Sprinklers row,100229,LSMAddress row 124,1,LSMOffset row 124,2-002,Wire Path row 124
1-1-125,Row 125,Station row 125,Sta 125,Name row 125,F,Area row 125,1,Hole row 125,1,Tag row 125,1,Number of Sprinklers row,100160,LSMAddress row 125,1,LSMOffset row 125,2-002,Wire Path row 125
1-1-126,Row 126,Station row 126,Sta 126,Name row 126,F,Area row 126,1,Hole row 126,1,Tag row 126,1,Number of Sprinklers row,100111,LSMAddress row 126,1,LSMOffset row 126,2-002,Wire Path row 126
1-1-127,Row 127,Station row 127,Sta 127,Name row 127,F,Area row 127,1,Hole row 127,1,Tag row 127,1,Number of Sprinklers row,100109,LSMAddress row 127,1,LSMOffset row 127,2-002,Wire Path row 127
1-1-128,Row 128,Station row 128,Sta 128,Name row 128,F,Area row 128,1,Hole row 128,1,Tag row 128,1,Number of Sprinklers row,100278,LSMAddress row 128,1,LSMOffset row 128,2-002,Wire Path row 128
1-1-129,Row 129,Station row 129,Sta 129,Name row 129,F,Area row 129,1,Hole row 129,1,Tag row 129,1,Number of Sprinklers row,1001DF,LSMAddress row 129,1,LSMOffset row 129,2-002,Wire Path row 129
1-1-130,Row 130,Station row 130,Sta 130,Name row 130,F,Area row 130,1,Hole row 130,1,Tag row 130,1,Number of Sprinklers row,1001F0,LSMAddress row 130,1,LSMOffset row 130,2-002,Wire Path row 130
1-1-131,Row 131,Station row 131,Sta 131,Name row 131,F,Area row 131,1,Hole row 131,1,Tag row 131,1,Number of Sprinklers row,1001EA,LSMAddress row 131,1,LSMOffset row 131,2-002,Wire Path row 131
1-1-132,Row 132,Station row 132,Sta 132,Name row 132,F,Area row 132,1,Hole row 132,1,Tag row 132,1,Number of Sprinklers row,1001DE,LSMAddress row 132,1,LSMOffset row 132,2-002,Wire Path row 132
1-1-133,Row 133,Station row 133,Sta 133,Name row 133,F,Area row 133,1,Hole row 133,1,Tag row 133,1,Number of Sprinklers row,1001AC,LSMAddress row 133,1,LSMOffset row 133,2-002,Wire Path row 133
1-1-134,Row 134,Station row 134,Sta 134,Name row 134,F,Area row 134,1,Hole row 134,1,Tag row 134,1,Number of Sprinklers row,1001C2,LSMAddress row 134,1,LSMOffset row 134,2-002,Wire Path row 134
1-1-135,Row 135,Station row 135,Sta 135,Name row 135,F,Area row 135,1,Hole row 135,1,Tag row 135,1,Number of Sprinklers row,1001E5,LSMAddress row 135,1,LSMOffset row 135,2-002,Wire Path row 135
1-1-136,Row 136,Station row 136,Sta 136,Name row 136,F,Area row 136,1,Hole row 136,1,Tag row 136,1,Number of Sprinklers row,1001E6,LSMAddress row 136,1,LSMOffset row 136,2-002,Wire Path row 136
1-1-137,Row 137,Station row 137,Sta 137,Name row 137,F,Area row 137,1,Hole row 137,1,Tag row 137,1,Number of Sprinklers row,1001B4,LSMAddress row 137,1,LSMOffset row 137,2-002,Wire Path row 137
1-1-138,Row 138,Station row 138,Sta 138,Name row 138,F,Area row 138,1,Hole row 138,1,Tag row 138,1,Number of Sprinklers row,1001DA,LSMAddress row 138,1,LSMOffset row 138,2-002,Wire Path row 138
1-1-139,Row 139,Station row 139,Sta 139,Name row 139,F,Area row 139,1,Hole row 139,1,Tag row 139,1,Number of Sprinklers row,1001D3,LSMAddress row 139,1,LSMOffset row 139,2-002,Wire Path row 139
1-1-140,Row 140,Station row 140,Sta 140,Name row 140,F,Area row 140,1,Hole row 140,1,Tag row 140,1,Number of Sprinklers row,1001E3,LSMAddress row 140,1,LSMOffset row 140,2-002,Wire Path row 140
1-1-141,Row 141,Station row 141,Sta 141,Name row 141,F,Area row 141,1,Hole row 141,1,Tag row 141,1,Number of Sprinklers row,1001CE,LSMAddress row 141,1,LSMOffset row 141,2-002,Wire Path row 141
1-1-142,Row 142,Station row 142,Sta 142,Name row 142,F,Area row 142,1,Hole row 142,1,Tag row 142,1,Number of Sprinklers row,100215,LSMAddress row 142,1,LSMOffset row 142,2-002,Wire Path row 142
1-1-143,Row 143,Station row 143,Sta 143,Name row 143,F,Area row 143,1,Hole row 143,1,Tag row 143,1,Number of Sprinklers row,1001D7,LSMAddress row 143,1,LSMOffset row 143,2-002,Wire Path row 143
1-1-144,Row 144,Station row 144,Sta 144,Name row 144,F,Area row 144,1,Hole row 144,1,Tag row 144,1,Number of Sprinklers row,1001CD,LSMAddress row 144,1,LSMOffset row 144,2-002,Wire Path row 144
1-1-145,Row 145,Station row 145,Sta 145,Name row 145,F,Area row 145,1,Hole row 145,1,Tag row 145,1,Number of Sprinklers row,100269,LSMAddress row 145,1,LSMOffset row 145,2-002,Wire Path row 145
1-1-146,Row 146,Station row 146,Sta 146,Name row 146,F,Area row 146,1,Hole row 146,1,Tag row 146,1,Number of Sprinklers row,100268,LSMAddress row 146,1,LSMOffset row 146,2-002,Wire Path row 146
1-1-147,Row 147,Station row 147,Sta 147,Name row 147,F,Area row 147,1,Hole row 147,1,Tag row 147,1,Number of Sprinklers row,10024E,LSMAddress row 147,1,LSMOffset row 147,2-002,Wire Path row 147
1-1-148,Row 148,Station row 148,Sta 148,Name row 148,F,Area row 148,1,Hole row 148,1,Tag row 148,1,Number of Sprinklers row,100293,LSMAddress row 148,1,LSMOffset row 148,2-002,Wire Path row 148
1-1-149,Row 149,Station row 149,Sta 149,Name row 149,F,Area row 149,1,Hole row 149,1,Tag row 149,1,Number of Sprinklers row,100204,LSMAddress row 149,1,LSMOffset row 149,2-002,Wire Path row 149
1-1-150,Row 150,Station row 150,Sta 150,Name row 150,F,Area row 150,1,Hole row 150,1,Tag row 150,1,Number of Sprinklers row,10024D,LSMAddress row 150,1,LSMOffset row 150,2-002,Wire Path row 150
1-1-151,Row 151,Station row 151,Sta 151,Name row 151,S,Area row 151,1,Hole row 151,1,Tag row 151,1,Number of Sprinklers row,10022A,LSMAddress row 151,1,LSMOffset row 151,2-002,Wire Path row 151
1-1-152,Row 152,Station row 152,Sta 152,Name row 152,S,Area row 152,1,Hole row 152,1,Tag row 152,1,Number of Sprinklers row,100153,LSMAddress row 152,1,LSMOffset row 152,2-002,Wire Path row 152
1-1-153,Row 153,Station row 153,Sta 153,Name row 153,S,Area row 153,1,Hole row 153,1,Tag row 153,1,Number of Sprinklers row,10017B,LSMAddress row 153,1,LSMOffset row 153,2-002,Wire Path row 153
1-1-154,Row 154,Station row 154,Sta 154,Name row 154,S,Area row 154,1,Hole row 154,1,Tag row 154,1,Number of Sprinklers row,100145,LSMAddress row 154,1,LSMOffset row 154,2-002,Wire Path row 154
1-1-155,Row 155,Station row 155,Sta 155,Name row 155,S,Area row 155,1,Hole row 155,1,Tag row 155,1,Number of Sprinklers row,10013A,LSMAddress row 155,1,LSMOffset row 155,2-002,Wire Path row 155
1-1-156,Row 156,Station row 156,Sta 156,Name row 156,S,Area row 156,1,Hole row 156,1,Tag row 156,1,Number of Sprinklers row,100147,LSMAddress row 156,1,LSMOffset row 156,2-002,Wire Path row 156
1-1-157,Row 157,Station row 157,Sta 157,Name row 157,S,Area row 157,1,Hole row 157,1,Tag row 157,1,Number of Sprinklers row,100143,LSMAddress row 157,1,LSMOffset row 157,2-002,Wire Path row 157
1-1-158,Row 158,Station row 158,Sta 158,Name row 158,S,Area row 158,1,Hole row 158,1,Tag row 158,1,Number of Sprinklers row,100157,LSMAddress row 158,1,LSMOffset row 158,2-002,Wire Path row 158
1-1-159,Row 159,Station row 159,Sta 159,Name row 159,S,Area row 159,1,Hole row 159,1,Tag row 159,1,Number of Sprinklers row,10014C,LSMAddress row 159,1,LSMOffset row 159,2-002,Wire Path row 159
1-1-160,Row 160,Station row 160,Sta 160,Name row 160,S,Area row 160,1,Hole row 160,1,Tag row 160,1,Number of Sprinklers row,100142,LSMAddress row 160,1,LSMOffset row 160,2-002,Wire Path row 160
1-1-161,Row 161,Station row 161,Sta 161,Name row 161,S,Area row 161,1,Hole row 161,1,Tag row 161,1,Number of Sprinklers row,100003,LSMAddress row 161,1,LSMOffset row 161,2-002,Wire Path row 161
1-1-162,Row 162,Station row 162,Sta 162,Name row 162,S,Area row 162,1,Hole row 162,1,Tag row 162,1,Number of Sprinklers row,100004,LSMAddress row 162,1,LSMOffset row 162,2-002,Wire Path row 162
1-1-163,Row 163,Station row 163,Sta 163,Name row 163,S,Area row 163,1,Hole row 163,1,Tag row 163,1,Number of Sprinklers row,100023,LSMAddress row 163,1,LSMOffset row 163,2-002,Wire Path row 163
1-1-164,Row 164,Station row 164,Sta 164,Name row 164,S,Area row 164,1,Hole row 164,1,Tag row 164,1,Number of Sprinklers row,100008,LSMAddress row 164,1,LSMOffset row 164,2-002,Wire Path row 164
1-1-165,Row 165,Station row 165,Sta 165,Name row 165,S,Area row 165,1,Hole row 165,1,Tag row 165,1,Number of Sprinklers row,100005,LSMAddress row 165,1,LSMOffset row 165,2-002,Wire Path row 165
1-1-166,Row 166,Station row 166,Sta 166,Name row 166,S,Area row 166,1,Hole row 166,1,Tag row 166,1,Number of Sprinklers row,10000F,LSMAddress row 166,1,LSMOffset row 166,2-002,Wire Path row 166
1-1-167,Row 167,Station row 167,Sta 167,Name row 167,S,Area row 167,1,Hole row 167,1,Tag row 167,1,Number of Sprinklers row,100007,LSMAddress row 167,1,LSMOffset row 167,2-002,Wire Path row 167
1-1-168,Row 168,Station row 168,Sta 168,Name row 168,S,Area row 168,1,Hole row 168,1,Tag row 168,1,Number of Sprinklers row,10000E,LSMAddress row 168,1,LSMOffset row 168,2-002,Wire Path row 168
1-1-169,Row 169,Station row 169,Sta 169,Name row 169,S,Area row 169,1,Hole row 169,1,Tag row 169,1,Number of Sprinklers row,20CDE7,LSMAddress row 169,1,LSMOffset row 169,2-002,Wire Path row 169
1-1-170,Row 170,Station row 170,Sta 170,Name row 170,S,Area row 170,1,Hole row 170,1,Tag row 170,1,Number of Sprinklers row,20CDEF,LSMAddress row 170,1,LSMOffset row 170,2-002,Wire Path row 170
1-1-171,Row 171,Station row 171,Sta 171,Name row 171,S,Area row 171,1,Hole row 171,1,Tag row 171,1,Number of Sprinklers row,20CDF5,LSMAddress row 171,1,LSMOffset row 171,2-002,Wire Path row 171
1-1-172,Row 172,Station row 172,Sta 172,Name row 172,S,Area row 172,1,Hole row 172,1,Tag row 172,1,Number of Sprinklers row,20CDE9,LSMAddress row 172,1,LSMOffset row 172,2-002,Wire Path row 172
1-1-173,Row 173,Station row 173,Sta 173,Name row 173,S,Area row 173,1,Hole row 173,1,Tag row 173,1,Number of Sprinklers row,10015F,LSMAddress row 173,1,LSMOffset row 173,2-002,Wire Path row 173
1-1-174,Row 174,Station row 174,Sta 174,Name row 174,S,Area row 174,1,Hole row 174,1,Tag row 174,1,Number of Sprinklers row,1001B2,LSMAddress row 174,1,LSMOffset row 174,2-002,Wire Path row 174
1-1-175,Row 175,Station row 175,Sta 175,Name row 175,S,Area row 175,1,Hole row 175,1,Tag row 175,1,Number of Sprinklers row,10026D,LSMAddress row 175,1,LSMOffset row 175,2-002,Wire Path row 175
1-1-176,Row 176,Station row 176,Sta 176,Name row 176,S,Area row 176,1,Hole row 176,1,Tag row 176,1,Number of Sprinklers row,100133,LSMAddress row 176,1,LSMOffset row 176,2-002,Wire Path row 176
1-1-177,Row 177,Station row 177,Sta 177,Name row 177,S,Area row 177,1,Hole row 177,1,Tag row 177,1,Number of Sprinklers row,1E6D02,LSMAddress row 177,1,LSMOffset row 177,2-002,Wire Path row 177
1-1-178,Row 178,Station row 178,Sta 178,Name row 178,S,Area row 178,1,Hole row 178,1,Tag row 178,1,Number of Sprinklers row,1E6CFE,LSMAddress row 178,1,LSMOffset row 178,2-002,Wire Path row 178
1-1-179,Row 179,Station row 179,Sta 179,Name row 179,S,Area row 179,1,Hole row 179,1,Tag row 179,1,Number of Sprinklers row,1E6D4E,LSMAddress row 179,1,LSMOffset row 179,2-002,Wire Path row 179
1-1-180,Row 180,Station row 180,Sta 180,Name row 180,S,Area row 180,1,Hole row 180,1,Tag row 180,1,Number of Sprinklers row,1E6CF6,LSMAddress row 180,1,LSMOffset row 180,2-002,Wire Path row 180
1-1-181,Row 181,Station row 181,Sta 181,Name row 181,S,Area row 181,1,Hole row 181,1,Tag row 181,1,Number of Sprinklers row,100235,LSMAddress row 181,1,LSMOffset row 181,2-002,Wire Path row 181
1-1-182,Row 182,Station row 182,Sta 182,Name row 182,S,Area row 182,1,Hole row 182,1,Tag row 182,1,Number of Sprinklers row,10020B,LSMAddress row 182,1,LSMOffset row 182,2-002,Wire Path row 182
1-1-183,Row 183,Station row 183,Sta 183,Name row 183,S,Area row 183,1,Hole row 183,1,Tag row 183,1,Number of Sprinklers row,10025D,LSMAddress row 183,1,LSMOffset row 183,2-002,Wire Path row 183
1-1-184,Row 184,Station row 184,Sta 184,Name row 184,S,Area row 184,1,Hole row 184,1,Tag row 184,1,Number of Sprinklers row,100251,LSMAddress row 184,1,LSMOffset row 184,2-002,Wire Path row 184
1-1-185,Row 185,Station row 185,Sta 185,Name row 185,S,Area row 185,1,Hole row 185,1,Tag row 185,1,Number of Sprinklers row,10023C,LSMAddress row 185,1,LSMOffset row 185,2-002,Wire Path row 185
1-1-186,Row 186,Station row 186,Sta 186,Name row 186,S,Area row 186,1,Hole row 186,1,Tag row 186,1,Number of Sprinklers row,100224,LSMAddress row 186,1,LSMOffset row 186,2-002,Wire Path row 186
1-1-187,Row 187,Station row 187,Sta 187,Name row 187,S,Area row 187,1,Hole row 187,1,Tag row 187,1,Number of Sprinklers row,10000D,LSMAddress row 187,1,LSMOffset row 187,2-002,Wire Path row 187
1-1-188,Row 188,Station row 188,Sta 188,Name row 188,S,Area row 188,1,Hole row 188,1,Tag row 188,1,Number of Sprinklers row,1000E2,LSMAddress row 188,1,LSMOffset row 188,2-002,Wire Path row 188
1-1-189,Row 189,Station row 189,Sta 189,Name row 189,S,Area row 189,1,Hole row 189,1,Tag row 189,1,Number of Sprinklers row,1FE45A,LSMAddress row 189,1,LSMOffset row 189,2-002,Wire Path row 189
1-1-190,Row 190,Station row 190,Sta 190,Name row 190,S,Area row 190,1,Hole row 190,1,Tag row 190,1,Number of Sprinklers row,1FE442,LSMAddress row 190,1,LSMOffset row 190,2-002,Wire Path row 190
1-1-191,Row 191,Station row 191,Sta 191,Name row 191,S,Area row 191,1,Hole row 191,1,Tag row 191,1,Number of Sprinklers row,1FE464,LSMAddress row 191,1,LSMOffset row 191,2-002,Wire Path row 191
1-1-192,Row 192,Station row 192,Sta 192,Name row 192,S,Area row 192,1,Hole row 192,1,Tag row 192,1,Number of Sprinklers row,1FE477,LSMAddress row 192,1,LSMOffset row 192,2-002,Wire Path row 192
1-1-193,Row 193,Station row 193,Sta 193,Name row 193,S,Area row 193,1,Hole row 193,1,Tag row 193,1,Number of Sprinklers row,1FE462,LSMAddress row 193,1,LSMOffset row 193,2-002,Wire Path row 193
1-1-194,Row 194,Station row 194,Sta 194,Name row 194,S,Area row 194,1,Hole row 194,1,Tag row 194,1,Number of Sprinklers row,1FE45F,LSMAddress row 194,1,LSMOffset row 194,2-002,Wire Path row 194
1-1-195,Row 195,Station row 195,Sta 195,Name row 195,S,Area row 195,1,Hole row 195,1,Tag row 195,1,Number of Sprinklers row,1FE466,LSMAddress row 195,1,LSMOffset row 195,2-002,Wire Path row 195
1-1-196,Row 196,Station row 196,Sta 196,Name row 196,S,Area row 196,1,Hole row 196,1,Tag row 196,1,Number of Sprinklers row,1FE44A,LSMAddress row 196,1,LSMOffset row 196,2-002,Wire Path row 196
1-1-197,Row 197,Station row 197,Sta 197,Name row 197,S,Area row 197,1,Hole row 197,1,Tag row 197,1,Number of Sprinklers row,1000C7,LSMAddress row 197,1,LSMOffset row 197,2-002,Wire Path row 197
1-1-198,Row 198,Station row 198,Sta 198,Name row 198,S,Area row 198,1,Hole row 198,1,Tag row 198,1,Number of Sprinklers row,10021C,LSMAddress row 198,1,LSMOffset row 198,2-002,Wire Path row 198
1-1-199,Row 199,Station row 199,Sta 199,Name row 199,S,Area row 199,1,Hole row 199,1,Tag row 199,1,Number of Sprinklers row,100206,LSMAddress row 199,1,LSMOffset row 199,2-002,Wire Path row 199
1-1-200,Row 200,Station row 200,Sta 200,Name row 200,S,Area row 200,1,Hole row 200,1,Tag row 200,1,Number of Sprinklers row,100259,LSMAddress row 200,1,LSMOffset row 200,5-251,Wire Path row 200
1-1-201,Row 201,Station row 201,Sta 201,Name row 201,R,Area row 201,1,Hole row 201,1,Tag row 201,1,Number of Sprinklers row,100283,LSMAddress row 201,1,LSMOffset row 201,4-250,Wire Path row 201
1-1-202,Row 202,Station row 202,Sta 202,Name row 202,R,Area row 202,1,Hole row 202,1,Tag row 202,1,Number of Sprinklers row,10005C,LSMAddress row 202,1,LSMOffset row 202,4-250,Wire Path row 202
1-1-203,Row 203,Station row 203,Sta 203,Name row 203,R,Area row 203,1,Hole row 203,1,Tag row 203,1,Number of Sprinklers row,10009B,LSMAddress row 203,1,LSMOffset row 203,4-250,Wire Path row 203
1-1-204,Row 204,Station row 204,Sta 204,Name row 204,R,Area row 204,1,Hole row 204,1,Tag row 204,1,Number of Sprinklers row,10006D,LSMAddress row 204,1,LSMOffset row 204,4-250,Wire Path row 204
1-1-205,Row 205,Station row 205,Sta 205,Name row 205,R,Area row 205,1,Hole row 205,1,Tag row 205,1,Number of Sprinklers row,100079,LSMAddress row 205,1,LSMOffset row 205,4-250,Wire Path row 205
1-1-206,Row 206,Station row 206,Sta 206,Name row 206,R,Area row 206,1,Hole row 206,1,Tag row 206,1,Number of Sprinklers row,10007C,LSMAddress row 206,1,LSMOffset row 206,4-250,Wire Path row 206
1-1-207,Row 207,Station row 207,Sta 207,Name row 207,R,Area row 207,1,Hole row 207,1,Tag row 207,1,Number of Sprinklers row,100086,LSMAddress row 207,1,LSMOffset row 207,4-250,Wire Path row 207
1-1-208,Row 208,Station row 208,Sta 208,Name row 208,R,Area row 208,1,Hole row 208,1,Tag row 208,1,Number of Sprinklers row,100081,LSMAddress row 208,1,LSMOffset row 208,4-250,Wire Path row 208
1-1-209,Row 209,Station row 209,Sta 209,Name row 209,R,Area row 209,1,Hole row 209,1,Tag row 209,1,Number of Sprinklers row,100231,LSMAddress row 209,1,LSMOffset row 209,4-250,Wire Path row 209
1-1-210,Row 210,Station row 210,Sta 210,Name row 210,R,Area row 210,1,Hole row 210,1,Tag row 210,1,Number of Sprinklers row,100277,LSMAddress row 210,1,LSMOffset row 210,4-250,Wire Path row 210
1-1-211,Row 211,Station row 211,Sta 211,Name row 211,R,Area row 211,1,Hole row 211,1,Tag row 211,1,Number of Sprinklers row,1001D5,LSMAddress row 211,1,LSMOffset row 211,4-250,Wire Path row 211
1-1-212,Row 212,Station row 212,Sta 212,Name row 212,R,Area row 212,1,Hole row 212,1,Tag row 212,1,Number of Sprinklers row,1001E1,LSMAddress row 212,1,LSMOffset row 212,4-250,Wire Path row 212
1-1-213,Row 213,Station row 213,Sta 213,Name row 213,R,Area row 213,1,Hole row 213,1,Tag row 213,1,Number of Sprinklers row,1001E8,LSMAddress row 213,1,LSMOffset row 213,4-250,Wire Path row 213
1-1-214,Row 214,Station row 214,Sta 214,Name row 214,R,Area row 214,1,Hole row 214,1,Tag row 214,1,Number of Sprinklers row,100274,LSMAddress row 214,1,LSMOffset row 214,4-250,Wire Path row 214
1-1-215,Row 215,Station row 215,Sta 215,Name row 215,R,Area row 215,1,Hole row 215,1,Tag row 215,1,Number of Sprinklers row,1001E2,LSMAddress row 215,1,LSMOffset row 215,4-250,Wire Path row 215
1-1-216,Row 216,Station row 216,Sta 216,Name row 216,R,Area row 216,1,Hole row 216,1,Tag row 216,1,Number of Sprinklers row,1001F2,LSMAddress row 216,1,LSMOffset row 216,4-250,Wire Path row 216
1-1-217,Row 217,Station row 217,Sta 217,Name row 217,R,Area row 217,1,Hole row 217,1,Tag row 217,1,Number of Sprinklers row,100017,LSMAddress row 217,1,LSMOffset row 217,4-250,Wire Path row 217
1-1-218,Row 218,Station row 218,Sta 218,Name row 218,R,Area row 218,1,Hole row 218,1,Tag row 218,1,Number of Sprinklers row,100028,LSMAddress row 218,1,LSMOffset row 218,4-250,Wire Path row 218
1-1-219,Row 219,Station row 219,Sta 219,Name row 219,R,Area row 219,1,Hole row 219,1,Tag row 219,1,Number of Sprinklers row,100013,LSMAddress row 219,1,LSMOffset row 219,4-250,Wire Path row 219
1-1-220,Row 220,Station row 220,Sta 220,Name row 220,R,Area row 220,1,Hole row 220,1,Tag row 220,1,Number of Sprinklers row,100026,LSMAddress row 220,1,LSMOffset row 220,4-250,Wire Path row 220
1-1-221,Row 221,Station row 221,Sta 221,Name row 221,R,Area row 221,1,Hole row 221,1,Tag row 221,1,Number of Sprinklers row,10001F,LSMAddress row 221,1,LSMOffset row 221,4-250,Wire Path row 221
1-1-222,Row 222,Station row 222,Sta 222,Name row 222,R,Area row 222,1,Hole row 222,1,Tag row 222,1,Number of Sprinklers row,100020,LSMAddress row 222,1,LSMOffset row 222,4-250,Wire Path row 222
1-1-223,Row 223,Station row 223,Sta 223,Name row 223,R,Area row 223,1,Hole row 223,1,Tag row 223,1,Number of Sprinklers row,10001D,LSMAddress row 223,1,LSMOffset row 223,4-250,Wire Path row 223
1-1-224,Row 224,Station row 224,Sta 224,Name row 224,R,Area row 224,1,Hole row 224,1,Tag row 224,1,Number of Sprinklers row,1001E0,LSMAddress row 224,1,LSMOffset row 224,4-250,Wire Path row 224
1-1-225,Row 225,Station row 225,Sta 225,Name row 225,R,Area row 225,1,Hole row 225,1,Tag row 225,1,Number of Sprinklers row,20CDD8,LSMAddress row 225,1,LSMOffset row 225,4-250,Wire Path row 225
1-1-226,Row 226,Station row 226,Sta 226,Name row 226,R,Area row 226,1,Hole row 226,1,Tag row 226,1,Number of Sprinklers row,20CDF4,LSMAddress row 226,1,LSMOffset row 226,4-250,Wire Path row 226
1-1-227,Row 227,Station row 227,Sta 227,Name row 227,R,Area row 227,1,Hole row 227,1,Tag row 227,1,Number of Sprinklers row,20CDDB,LSMAddress row 227,1,LSMOffset row 227,4-250,Wire Path row 227
1-1-228,Row 228,Station row 228,Sta 228,Name row 228,R,Area row 228,1,Hole row 228,1,Tag row 228,1,Number of Sprinklers row,20CDD5,LSMAddress row 228,1,LSMOffset row 228,4-250,Wire Path row 228
1-1-229,Row 229,Station row 229,Sta 229,Name row 229,R,Area row 229,1,Hole row 229,1,Tag row 229,1,Number of Sprinklers row,1D8485,LSMAddress row 229,1,LSMOffset row 229,4-250,Wire Path row 229
1-1-230,Row 230,Station row 230,Sta 230,Name row 230,R,Area row 230,1,Hole row 230,1,Tag row 230,1,Number of Sprinklers row,1D8493,LSMAddress row 230,1,LSMOffset row 230,4-250,Wire Path row 230
1-1-231,Row 231,Station row 231,Sta 231,Name row 231,R,Area row 231,1,Hole row 231,1,Tag row 231,1,Number of Sprinklers row,1D848A,LSMAddress row 231,1,LSMOffset row 231,4-250,Wire Path row 231
1-1-232,Row 232,Station row 232,Sta 232,Name row 232,R,Area row 232,1,Hole row 232,1,Tag row 232,1,Number of Sprinklers row,1D849C,LSMAddress row 232,1,LSMOffset row 232,4-250,Wire Path row 232
1-1-233,Row 233,Station row 233,Sta 233,Name row 233,R,Area row 233,1,Hole row 233,1,Tag row 233,1,Number of Sprinklers row,1E6CF3,LSMAddress row 233,1,LSMOffset row 233,4-250,Wire Path row 233
1-1-234,Row 234,Station row 234,Sta 234,Name row 234,R,Area row 234,1,Hole row 234,1,Tag row 234,1,Number of Sprinklers row,1E6D49,LSMAddress row 234,1,LSMOffset row 234,4-250,Wire Path row 234
1-1-235,Row 235,Station row 235,Sta 235,Name row 235,R,Area row 235,1,Hole row 235,1,Tag row 235,1,Number of Sprinklers row,1E6D4A,LSMAddress row 235,1,LSMOffset row 235,4-250,Wire Path row 235
1-1-236,Row 236,Station row 236,Sta 236,Name row 236,R,Area row 236,1,Hole row 236,1,Tag row 236,1,Number of Sprinklers row,1E6D38,LSMAddress row 236,1,LSMOffset row 236,4-250,Wire Path row 236
1-1-237,Row 237,Station row 237,Sta 237,Name row 237,R,Area row 237,1,Hole row 237,1,Tag row 237,1,Number of Sprinklers row,100156,LSMAddress row 237,1,LSMOffset row 237,4-250,Wire Path row 237
1-1-238,Row 238,Station row 238,Sta 238,Name row 238,R,Area row 238,1,Hole row 238,1,Tag row 238,1,Number of Sprinklers row,10013F,LSMAddress row 238,1,LSMOffset row 238,4-250,Wire Path row 238
1-1-239,Row 239,Station row 239,Sta 239,Name row 239,R,Area row 239,1,Hole row 239,1,Tag row 239,1,Number of Sprinklers row,10014E,LSMAddress row 239,1,LSMOffset row 239,4-250,Wire Path row 239
1-1-240,Row 240,Station row 240,Sta 240,Name row 240,R,Area row 240,1,Hole row 240,1,Tag row 240,1,Number of Sprinklers row,100140,LSMAddress row 240,1,LSMOffset row 240,4-250,Wire Path row 240
1-1-241,Row 241,Station row 241,Sta 241,Name row 241,R,Area row 241,1,Hole row 241,1,Tag row 241,1,Number of Sprinklers row,10011F,LSMAddress row 241,1,LSMOffset row 241,4-250,Wire Path row 241
1-1-242,Row 242,Station row 242,Sta 242,Name row 242,R,Area row 242,1,Hole row 242,1,Tag row 242,1,Number of Sprinklers row,10010C,LSMAddress row 242,1,LSMOffset row 242,4-250,Wire Path row 242
1-1-243,Row 243,Station row 243,Sta 243,Name row 243,R,Area row 243,1,Hole row 243,1,Tag row 243,1,Number of Sprinklers row,10011C,LSMAddress row 243,1,LSMOffset row 243,4-250,Wire Path row 243
1-1-244,Row 244,Station row 244,Sta 244,Name row 244,R,Area row 244,1,Hole row 244,1,Tag row 244,1,Number of Sprinklers row,100113,LSMAddress row 244,1,LSMOffset row 244,4-250,Wire Path row 244
1-1-245,Row 245,Station row 245,Sta 245,Name row 245,R,Area row 245,1,Hole row 245,1,Tag row 245,1,Number of Sprinklers row,1FE449,LSMAddress row 245,1,LSMOffset row 245,4-250,Wire Path row 245
1-1-246,Row 246,Station row 246,Sta 246,Name row 246,R,Area row 246,1,Hole row 246,1,Tag row 246,1,Number of Sprinklers row,1FE444,LSMAddress row 246,1,LSMOffset row 246,4-250,Wire Path row 246
1-1-247,Row 247,Station row 247,Sta 247,Name row 247,R,Area row 247,1,Hole row 247,1,Tag row 247,1,Number of Sprinklers row,1FE450,LSMAddress row 247,1,LSMOffset row 247,4-250,Wire Path row 247
1-1-248,Row 248,Station row 248,Sta 248,Name row 248,R,Area row 248,1,Hole row 248,1,Tag row 248,1,Number of Sprinklers row,1FE458,LSMAddress row 248,1,LSMOffset row 248,4-250,Wire Path row 248
1-1-249,Row 249,Station row 249,Sta 249,Name row 249,R,Area row 249,1,Hole row 249,1,Tag row 249,1,Number of Sprinklers row,1FE45D,LSMAddress row 249,1,LSMOffset row 249,4-250,Wire Path row 249
1-1-250,Row 250,Station row 250,Sta 250,Name row 250,R,Area row 250,1,Hole row 250,1,Tag row 250,1,Number of Sprinklers row,1FE443,LSMAddress row 250,1,LSMOffset row 250,4-250,Wire Path row 250
1-1-251,Row 251,Station row 251,Sta 251,Name row 251,B,Area row 251,1,Hole row 251,1,Tag row 251,1,Number of Sprinklers row,1FE448,LSMAddress row 251,1,LSMOffset row 251,4-250,Wire Path row 251
1-1-252,Row 252,Station row 252,Sta 252,Name row 252,B,Area row 252,1,Hole row 252,1,Tag row 252,1,Number of Sprinklers row,1FE457,LSMAddress row 252,1,LSMOffset row 252,4-250,Wire Path row 252
1-1-253,Row 253,Station row 253,Sta 253,Name row 253,B,Area row 253,1,Hole row 253,1,Tag row 253,1,Number of Sprinklers row,100216,LSMAddress row 253,1,LSMOffset row 253,4-250,Wire Path row 253
1-1-254,Row 254,Station row 254,Sta 254,Name row 254,B,Area row 254,1,Hole row 254,1,Tag row 254,1,Number of Sprinklers row,100286,LSMAddress row 254,1,LSMOffset row 254,4-250,Wire Path row 254
1-1-255,Row 255,Station row 255,Sta 255,Name row 255,B,Area row 255,1,Hole row 255,1,Tag row 255,1,Number of Sprinklers row,1001C7,LSMAddress row 255,1,LSMOffset row 255,4-250,Wire Path row 255
1-1-256,Row 256,Station row 256,Sta 256,Name row 256,B,Area row 256,1,Hole row 256,1,Tag row 256,1,Number of Sprinklers row,10015E,LSMAddress row 256,1,LSMOffset row 256,4-250,Wire Path row 256
1-1-257,Row 257,Station row 257,Sta 257,Name row 257,B,Area row 257,1,Hole row 257,1,Tag row 257,1,Number of Sprinklers row,100041,LSMAddress row 257,1,LSMOffset row 257,4-250,Wire Path row 257
1-1-258,Row 258,Station row 258,Sta 258,Name row 258,B,Area row 258,1,Hole row 258,1,Tag row 258,1,Number of Sprinklers row,100122,LSMAddress row 258,1,LSMOffset row 258,4-250,Wire Path row 258
1-1-259,Row 259,Station row 259,Sta 259,Name row 259,B,Area row 259,1,Hole row 259,1,Tag row 259,1,Number of Sprinklers row,100044,LSMAddress row 259,1,LSMOffset row 259,4-250,Wire Path row 259
1-1-260,Row 260,Station row 260,Sta 260,Name row 260,B,Area row 260,1,Hole row 260,1,Tag row 260,1,Number of Sprinklers row,100057,LSMAddress row 260,1,LSMOffset row 260,4-250,Wire Path row 260
1-1-261,Row 261,Station row 261,Sta 261,Name row 261,B,Area row 261,1,Hole row 261,1,Tag row 261,1,Number of Sprinklers row,10007A,LSMAddress row 261,1,LSMOffset row 261,4-250,Wire Path row 261
1-1-262,Row 262,Station row 262,Sta 262,Name row 262,B,Area row 262,1,Hole row 262,1,Tag row 262,1,Number of Sprinklers row,10010F,LSMAddress row 262,1,LSMOffset row 262,4-250,Wire Path row 262
1-1-263,Row 263,Station row 263,Sta 263,Name row 263,B,Area row 263,1,Hole row 263,1,Tag row 263,1,Number of Sprinklers row,100108,LSMAddress row 263,1,LSMOffset row 263,4-250,Wire Path row 263
1-1-264,Row 264,Station row 264,Sta 264,Name row 264,B,Area row 264,1,Hole row 264,1,Tag row 264,1,Number of Sprinklers row,100123,LSMAddress row 264,1,LSMOffset row 264,4-250,Wire Path row 264
1-1-265,Row 265,Station row 265,Sta 265,Name row 265,B,Area row 265,1,Hole row 265,1,Tag row 265,1,Number of Sprinklers row,1000EB,LSMAddress row 265,1,LSMOffset row 265,4-250,Wire Path row 265
1-1-266,Row 266,Station row 266,Sta 266,Name row 266,B,Area row 266,1,Hole row 266,1,Tag row 266,1,Number of Sprinklers row,1000B1,LSMAddress row 266,1,LSMOffset row 266,4-250,Wire Path row 266
1-1-267,Row 267,Station row 267,Sta 267,Name row 267,B,Area row 267,1,Hole row 267,1,Tag row 267,1,Number of Sprinklers row,100272,LSMAddress row 267,1,LSMOffset row 267,4-250,Wire Path row 267
1-1-268,Row 268,Station row 268,Sta 268,Name row 268,B,Area row 268,1,Hole row 268,1,Tag row 268,1,Number of Sprinklers row,10028E,LSMAddress row 268,1,LSMOffset row 268,4-250,Wire Path row 268
1-1-269,Row 269,Station row 269,Sta 269,Name row 269,B,Area row 269,1,Hole row 269,1,Tag row 269,1,Number of Sprinklers row,1000E8,LSMAddress row 269,1,LSMOffset row 269,4-250,Wire Path row 269
1-1-270,Row 270,Station row 270,Sta 270,Name row 270,B,Area row 270,1,Hole row 270,1,Tag row 270,1,Number of Sprinklers row,100250,LSMAddress row 270,1,LSMOffset row 270,4-250,Wire Path row 270
1-1-271,Row 271,Station row 271,Sta 271,Name row 271,B,Area row 271,1,Hole row 271,1,Tag row 271,1,Number of Sprinklers row,1001FD,LSMAddress row 271,1,LSMOffset row 271,4-250,Wire Path row 271
1-1-272,Row 272,Station row 272,Sta 272,Name row 272,B,Area row 272,1,Hole row 272,1,Tag row 272,1,Number of Sprinklers row,10025C,LSMAddress row 272,1,LSMOffset row 272,4-250,Wire Path row 272
1-1-273,Row 273,Station row 273,Sta 273,Name row 273,B,Area row 273,1,Hole row 273,1,Tag row 273,1,Number of Sprinklers row,10002F,LSMAddress row 273,1,LSMOffset row 273,4-250,Wire Path row 273
1-1-274,Row 274,Station row 274,Sta 274,Name row 274,B,Area row 274,1,Hole row 274,1,Tag row 274,1,Number of Sprinklers row,100032,LSMAddress row 274,1,LSMOffset row 274,4-250,Wire Path row 274
1-1-275,Row 275,Station row 275,Sta 275,Name row 275,B,Area row 275,1,Hole row 275,1,Tag row 275,1,Number of Sprinklers row,100042,LSMAddress row 275,1,LSMOffset row 275,4-250,Wire Path row 275
1-1-276,Row 276,Station row 276,Sta 276,Name row 276,B,Area row 276,1,Hole row 276,1,Tag row 276,1,Number of Sprinklers row,100049,LSMAddress row 276,1,LSMOffset row 276,4-250,Wire Path row 276
1-1-277,Row 277,Station row 277,Sta 277,Name row 277,B,Area row 277,1,Hole row 277,1,Tag row 277,1,Number of Sprinklers row,100061,LSMAddress row 277,1,LSMOffset row 277,4-250,Wire Path row 277
1-1-278,Row 278,Station row 278,Sta 278,Name row 278,B,Area row 278,1,Hole row 278,1,Tag row 278,1,Number of Sprinklers row,10004A,LSMAddress row 278,1,LSMOffset row 278,4-250,Wire Path row 278
1-1-279,Row 279,Station row 279,Sta 279,Name row 279,B,Area row 279,1,Hole row 279,1,Tag row 279,1,Number of Sprinklers row,10005D,LSMAddress row 279,1,LSMOffset row 279,4-250,Wire Path row 279
1-1-280,Row 280,Station row 280,Sta 280,Name row 280,B,Area row 280,1,Hole row 280,1,Tag row 280,1,Number of Sprinklers row,100062,LSMAddress row 280,1,LSMOffset row 280,4-250,Wire Path row 280
1-1-281,Row 281,Station row 281,Sta 281,Name row 281,B,Area row 281,1,Hole row 281,1,Tag row 281,1,Number of Sprinklers row,20CDEC,LSMAddress row 281,1,LSMOffset row 281,4-250,Wire Path row 281
1-1-282,Row 282,Station row 282,Sta 282,Name row 282,B,Area row 282,1,Hole row 282,1,Tag row 282,1,Number of Sprinklers row,20CDE8,LSMAddress row 282,1,LSMOffset row 282,4-250,Wire Path row 282
1-1-283,Row 283,Station row 283,Sta 283,Name row 283,B,Area row 283,1,Hole row 283,1,Tag row 283,1,Number of Sprinklers row,20CDDA,LSMAddress row 283,1,LSMOffset row 283,4-250,Wire Path row 283
1-1-284,Row 284,Station row 284,Sta 284,Name row 284,B,Area row 284,1,Hole row 284,1,Tag row 284,1,Number of Sprinklers row,20CDF3,LSMAddress row 284,1,LSMOffset row 284,4-250,Wire Path row 284
1-1-285,Row 285,Station row 285,Sta 285,Name row 285,B,Area row 285,1,Hole row 285,1,Tag row 285,1,Number of Sprinklers row,1001FE,LSMAddress row 285,1,LSMOffset row 285,4-250,Wire Path row 285
1-1-286,Row 286,Station row 286,Sta 286,Name row 286,B,Area row 286,1,Hole row 286,1,Tag row 286,1,Number of Sprinklers row,10024B,LSMAddress row 286,1,LSMOffset row 286,4-250,Wire Path row 286
1-1-287,Row 287,Station row 287,Sta 287,Name row 287,B,Area row 287,1,Hole row 287,1,Tag row 287,1,Number of Sprinklers row,10028D,LSMAddress row 287,1,LSMOffset row 287,4-250,Wire Path row 287
1-1-288,Row 288,Station row 288,Sta 288,Name row 288,B,Area row 288,1,Hole row 288,1,Tag row 288,1,Number of Sprinklers row,100296,LSMAddress row 288,1,LSMOffset row 288,4-250,Wire Path row 288
1-1-289,Row 289,Station row 289,Sta 289,Name row 289,B,Area row 289,1,Hole row 289,1,Tag row 289,1,Number of Sprinklers row,1E6CE7,LSMAddress row 289,1,LSMOffset row 289,4-250,Wire Path row 289
1-1-290,Row 290,Station row 290,Sta 290,Name row 290,B,Area row 290,1,Hole row 290,1,Tag row 290,1,Number of Sprinklers row,1E6D0E,LSMAddress row 290,1,LSMOffset row 290,4-250,Wire Path row 290
1-1-291,Row 291,Station row 291,Sta 291,Name row 291,B,Area row 291,1,Hole row 291,1,Tag row 291,1,Number of Sprinklers row,1E6D4B,LSMAddress row 291,1,LSMOffset row 291,4-250,Wire Path row 291
1-1-292,Row 292,Station row 292,Sta 292,Name row 292,B,Area row 292,1,Hole row 292,1,Tag row 292,1,Number of Sprinklers row,1E6D30,LSMAddress row 292,1,LSMOffset row 292,4-250,Wire Path row 292
1-1-293,Row 293,Station row 293,Sta 293,Name row 293,B,Area row 293,1,Hole row 293,1,Tag row 293,1,Number of Sprinklers row,1FE44C,LSMAddress row 293,1,LSMOffset row 293,4-250,Wire Path row 293
1-1-294,Row 294,Station row 294,Sta 294,Name row 294,B,Area row 294,1,Hole row 294,1,Tag row 294,1,Number of Sprinklers row,1FE44D,LSMAddress row 294,1,LSMOffset row 294,4-250,Wire Path row 294
1-1-295,Row 295,Station row 295,Sta 295,Name row 295,B,Area row 295,1,Hole row 295,1,Tag row 295,1,Number of Sprinklers row,1FE452,LSMAddress row 295,1,LSMOffset row 295,4-250,Wire Path row 295
1-1-296,Row 296,Station row 296,Sta 296,Name row 296,B,Area row 296,1,Hole row 296,1,Tag row 296,1,Number of Sprinklers row,1FE48B,LSMAddress row 296,1,LSMOffset row 296,4-250,Wire Path row 296
1-1-297,Row 297,Station row 297,Sta 297,Name row 297,B,Area row 297,1,Hole row 297,1,Tag row 297,1,Number of Sprinklers row,1FE44E,LSMAddress row 297,1,LSMOffset row 297,4-250,Wire Path row 297
1-1-298,Row 298,Station row 298,Sta 298,Name row 298,B,Area row 298,1,Hole row 298,1,Tag row 298,1,Number of Sprinklers row,1FE453,LSMAddress row 298,1,LSMOffset row 298,4-250,Wire Path row 298
1-1-299,Row 299,Station row 299,Sta 299,Name row 299,B,Area row 299,1,Hole row 299,1,Tag row 299,1,Number of Sprinklers row,1FE46A,LSMAddress row 299,1,LSMOffset row 299,4-250,Wire Path row 299
1-1-300,Row 300,Station row 300,Sta 300,Name row 300,B,Area row 300,1,Hole row 300,1,Tag row 300,1,Number of Sprinklers row,1FE446,LSMAddress row 300,1,LSMOffset row 300,4-250,Wire Path row 300
1-1-301,Row 301,Station row 301,Sta 301,Name row 301,B,Area row 301,1,Hole row 301,1,Tag row 301,1,Number of Sprinklers row,1001C6,LSMAddress row 301,1,LSMOffset row 301,4-250,Wire Path row 301
1-1-302,Row 302,Station row 302,Sta 302,Name row 302,B,Area row 302,1,Hole row 302,1,Tag row 302,1,Number of Sprinklers row,1001C8,LSMAddress row 302,1,LSMOffset row 302,4-250,Wire Path row 302
1-1-303,Row 303,Station row 303,Sta 303,Name row 303,B,Area row 303,1,Hole row 303,1,Tag row 303,1,Number of Sprinklers row,1001CF,LSMAddress row 303,1,LSMOffset row 303,4-250,Wire Path row 303
1-1-304,Row 304,Station row 304,Sta 304,Name row 304,B,Area row 304,1,Hole row 304,1,Tag row 304,1,Number of Sprinklers row,1001AA,LSMAddress row 304,99,LSMOffset row 304,4-250,Wire Path row 304
